Accuracy,F1,False Negative Scores,True Negative Scores,True Negative Rates,True Positive Scores,Positive Predictive Values,False Positive Scores,False Positive Rates,Negative Predictive Values,True Positive Rates,Matthews Correlation Coefficient,Threshold,Fraction Predicted As Positive,Fraction Predicted As Negative,Lift For Positive Class,Lift For Negative Class
0.8333333333333334,0.0,120.0,600.0,1.0,0.0,0.0,0.0,0.0,0.8333333333333334,0.0,0.0,1.0,0.0,1.0,0.0,1.0
0.8347222222222223,0.01652892561983471,119.0,600.0,1.0,1.0,1.0,0.0,0.0,0.8344923504867872,0.008333333333333333,0.08339126405519481,0.9686628331116348,0.001388888888888889,0.9986111111111111,6.0,1.0013908205841446
0.8375,0.064,116.0,599.0,0.9983333333333333,4.0,0.8,1.0,0.0016666666666666668,0.8377622377622378,0.03333333333333333,0.14211194248128547,0.902792635018689,0.006944444444444444,0.9930555555555556,4.8,1.0053146853146853
0.8402777777777778,0.09448818897637795,114.0,599.0,0.9983333333333333,6.0,0.8571428571428571,1.0,0.0016666666666666668,0.8401122019635343,0.05,0.1835773983641294,0.8957590056013802,0.009722222222222222,0.9902777777777778,5.142857142857143,1.0081346423562412
0.8458333333333333,0.15267175572519084,110.0,599.0,0.9983333333333333,10.0,0.9090909090909091,1.0,0.0016666666666666668,0.844851904090268,0.08333333333333333,0.24813705166660646,0.8529192698892539,0.015277777777777777,0.9847222222222223,5.454545454545454,1.0138222849083214
0.8513888888888889,0.2074074074074074,106.0,599.0,0.9983333333333333,14.0,0.9333333333333333,1.0,0.0016666666666666668,0.849645390070922,0.11666666666666667,0.30007091360458343,0.8122281426617766,0.020833333333333332,0.9791666666666666,5.6000000000000005,1.0195744680851064
0.8583333333333333,0.2714285714285714,101.0,599.0,0.9983333333333333,19.0,0.95,1.0,0.0016666666666666668,0.8557142857142858,0.15833333333333333,0.3552866046286736,0.7652879363382856,0.027777777777777776,0.9722222222222222,5.7,1.026857142857143
0.8611111111111112,0.29577464788732394,99.0,599.0,0.9983333333333333,21.0,0.9545454545454546,1.0,0.0016666666666666668,0.8581661891117478,0.175,0.37532654879972865,0.7596317421320105,0.030555555555555555,0.9694444444444444,5.7272727272727275,1.0297994269340973
0.8638888888888889,0.33783783783783783,95.0,597.0,0.995,25.0,0.8928571428571429,3.0,0.005,0.8627167630057804,0.20833333333333334,0.39196091751448175,0.700586074229839,0.03888888888888889,0.9611111111111111,5.357142857142858,1.0352601156069363
0.8625,0.33557046979865773,95.0,596.0,0.9933333333333333,25.0,0.8620689655172413,4.0,0.006666666666666667,0.8625180897250362,0.20833333333333334,0.38226307190274866,0.6969597930034386,0.04027777777777778,0.9597222222222223,5.172413793103448,1.0350217076700434
0.8666666666666667,0.38461538461538464,90.0,594.0,0.99,30.0,0.8333333333333334,6.0,0.01,0.868421052631579,0.25,0.41039134083406165,0.6664039411388739,0.05,0.95,5.0,1.0421052631578949
0.8680555555555556,0.39490445859872614,89.0,594.0,0.99,31.0,0.8378378378378378,6.0,0.01,0.8696925329428989,0.25833333333333336,0.4191698646259648,0.6632026294498058,0.05138888888888889,0.9486111111111111,5.027027027027028,1.0436310395314787
0.875,0.45121951219512196,83.0,593.0,0.9883333333333333,37.0,0.8409090909090909,7.0,0.011666666666666667,0.8772189349112426,0.30833333333333335,0.4615675981479119,0.626364758149795,0.06111111111111111,0.9388888888888889,5.045454545454546,1.052662721893491
0.8736111111111111,0.4550898203592814,82.0,591.0,0.985,38.0,0.8085106382978723,9.0,0.015,0.8781575037147102,0.31666666666666665,0.4551317276428101,0.6035196513666783,0.06527777777777778,0.9347222222222222,4.8510638297872335,1.0537890044576523
0.8791666666666667,0.49122807017543857,78.0,591.0,0.985,42.0,0.8235294117647058,9.0,0.015,0.8834080717488789,0.35,0.486645720187747,0.5862088329381892,0.07083333333333333,0.9291666666666667,4.9411764705882355,1.0600896860986546
0.8777777777777778,0.5056179775280899,75.0,587.0,0.9783333333333334,45.0,0.7758620689655172,13.0,0.021666666666666667,0.8867069486404834,0.375,0.4838467934730169,0.5655038716522439,0.08055555555555556,0.9194444444444444,4.655172413793103,1.0640483383685801
0.8819444444444444,0.5405405405405406,70.0,585.0,0.975,50.0,0.7692307692307693,15.0,0.025,0.8931297709923665,0.4166666666666667,0.5093373586540929,0.5359025116608777,0.09027777777777778,0.9097222222222222,4.615384615384616,1.0717557251908396
0.8805555555555555,0.5520833333333334,67.0,581.0,0.9683333333333334,53.0,0.7361111111111112,19.0,0.03166666666666667,0.8966049382716049,0.44166666666666665,0.5093265948749521,0.5099639556033007,0.1,0.9,4.416666666666666,1.075925925925926
0.8791666666666667,0.5492227979274611,67.0,580.0,0.9666666666666667,53.0,0.726027397260274,20.0,0.03333333333333333,0.8964451313755796,0.44166666666666665,0.5041589853670237,0.5086550580742859,0.10138888888888889,0.8986111111111111,4.3561643835616435,1.0757341576506956
0.8833333333333333,0.58,62.0,578.0,0.9633333333333334,58.0,0.725,22.0,0.03666666666666667,0.903125,0.48333333333333334,0.5296815080782036,0.4882427646134628,0.1111111111111111,0.8888888888888888,4.3500000000000005,1.0837500000000002
0.8875,0.6086956521739131,57.0,576.0,0.96,63.0,0.7241379310344828,24.0,0.04,0.909952606635071,0.525,0.5545574007888936,0.4629451026307109,0.12083333333333333,0.8791666666666667,4.344827586206897,1.0919431279620853
0.8902777777777777,0.6325581395348837,52.0,573.0,0.955,68.0,0.7157894736842105,27.0,0.045,0.9168,0.5666666666666667,0.5744569976118866,0.4242796078704576,0.13194444444444445,0.8680555555555556,4.294736842105263,1.10016
0.8888888888888888,0.6330275229357798,51.0,571.0,0.9516666666666667,69.0,0.7040816326530612,29.0,0.04833333333333333,0.9180064308681672,0.575,0.5723923888276704,0.41142548901564435,0.1361111111111111,0.8638888888888889,4.224489795918368,1.1016077170418006
0.8888888888888888,0.6396396396396397,49.0,569.0,0.9483333333333334,71.0,0.696078431372549,31.0,0.051666666666666666,0.9207119741100324,0.5916666666666667,0.5771194148186265,0.39631745427853976,0.14166666666666666,0.8583333333333334,4.176470588235294,1.1048543689320387
0.8875,0.6462882096069869,46.0,565.0,0.9416666666666667,74.0,0.6788990825688074,35.0,0.058333333333333334,0.9247135842880524,0.6166666666666667,0.5805317151787776,0.3763064458754791,0.15138888888888888,0.8486111111111111,4.0733944954128445,1.1096563011456628
0.8861111111111111,0.652542372881356,43.0,561.0,0.935,77.0,0.6637931034482759,39.0,0.065,0.9288079470198676,0.6416666666666667,0.5845795689524476,0.3657124226019609,0.16111111111111112,0.8388888888888889,3.9827586206896552,1.114569536423841
0.8875,0.6610878661087866,41.0,560.0,0.9333333333333333,79.0,0.6638655462184874,40.0,0.06666666666666667,0.9317803660565723,0.6583333333333333,0.5936529553783173,0.3564874769395844,0.16527777777777777,0.8347222222222223,3.9831932773109244,1.1181364392678868
0.8805555555555555,0.6475409836065574,41.0,555.0,0.925,79.0,0.6370967741935484,45.0,0.075,0.9312080536912751,0.6583333333333333,0.5757700492379578,0.34571093313380175,0.17222222222222222,0.8277777777777777,3.8225806451612905,1.1174496644295304
0.8791666666666667,0.6533864541832669,38.0,551.0,0.9183333333333333,82.0,0.6259541984732825,49.0,0.08166666666666667,0.9354838709677419,0.6833333333333333,0.581204414797711,0.3229289117749948,0.18194444444444444,0.8180555555555555,3.7557251908396947,1.1225806451612903
0.8722222222222222,0.6434108527131783,37.0,545.0,0.9083333333333333,83.0,0.6014492753623188,55.0,0.09166666666666666,0.936426116838488,0.6916666666666667,0.568089108609278,0.31476003485214865,0.19166666666666668,0.8083333333333333,3.6086956521739126,1.1237113402061856
0.8680555555555556,0.6387832699619772,36.0,541.0,0.9016666666666666,84.0,0.5874125874125874,59.0,0.09833333333333333,0.9376083188908145,0.7,0.5620387696821992,0.3080362471495839,0.1986111111111111,0.8013888888888889,3.5244755244755246,1.1251299826689773
0.8680555555555556,0.6415094339622641,35.0,540.0,0.9,85.0,0.5862068965517241,60.0,0.1,0.9391304347826087,0.7083333333333334,0.5653142576435274,0.304157222502946,0.2013888888888889,0.7986111111111112,3.5172413793103448,1.1269565217391304
0.8652777777777778,0.6446886446886447,32.0,535.0,0.8916666666666667,88.0,0.5751633986928104,65.0,0.10833333333333334,0.9435626102292769,0.7333333333333333,0.5693889317297137,0.2791632061737851,0.2125,0.7875,3.4509803921568625,1.1322751322751323
0.8611111111111112,0.6428571428571429,30.0,530.0,0.8833333333333333,90.0,0.5625,70.0,0.11666666666666667,0.9464285714285714,0.75,0.5677335894338369,0.26883043030801496,0.2222222222222222,0.7777777777777778,3.375,1.1357142857142857
0.8555555555555555,0.6363636363636364,29.0,525.0,0.875,91.0,0.5481927710843374,75.0,0.125,0.9476534296028881,0.7583333333333333,0.560389085459299,0.2532756959493471,0.23055555555555557,0.7694444444444444,3.2891566265060237,1.1371841155234659
0.8541666666666666,0.6341463414634146,29.0,524.0,0.8733333333333333,91.0,0.5449101796407185,76.0,0.12666666666666668,0.9475587703435805,0.7583333333333333,0.5577420730708914,0.25188093358716357,0.23194444444444445,0.7680555555555555,3.269461077844311,1.1370705244122965
0.8458333333333333,0.6237288135593221,28.0,517.0,0.8616666666666667,92.0,0.5257142857142857,83.0,0.13833333333333334,0.9486238532110092,0.7666666666666667,0.5459326551490213,0.22822354117766655,0.24305555555555555,0.7569444444444444,3.1542857142857144,1.138348623853211
0.8416666666666667,0.6225165562913907,26.0,512.0,0.8533333333333334,94.0,0.5164835164835165,88.0,0.14666666666666667,0.9516728624535316,0.7833333333333333,0.5459483137226336,0.2156250638046773,0.25277777777777777,0.7472222222222222,3.098901098901099,1.142007434944238
0.8347222222222223,0.6123778501628665,26.0,507.0,0.845,94.0,0.5026737967914439,93.0,0.155,0.9512195121951219,0.7833333333333333,0.5340377288293642,0.20497844824263498,0.25972222222222224,0.7402777777777778,3.0160427807486627,1.1414634146341462
0.8319444444444445,0.6084142394822006,26.0,505.0,0.8416666666666667,94.0,0.4973544973544973,95.0,0.15833333333333333,0.9510357815442562,0.7833333333333333,0.5293806988469838,0.20338991149652083,0.2625,0.7375,2.984126984126984,1.1412429378531073
0.8305555555555556,0.6139240506329114,23.0,501.0,0.835,97.0,0.49489795918367346,99.0,0.165,0.9561068702290076,0.8083333333333333,0.5386524299170027,0.19066896790088833,0.2722222222222222,0.7277777777777779,2.969387755102041,1.147328244274809
0.8222222222222222,0.6049382716049383,22.0,494.0,0.8233333333333334,98.0,0.4803921568627451,106.0,0.17666666666666667,0.9573643410852714,0.8166666666666667,0.5293053548630795,0.17862325644380206,0.2833333333333333,0.7166666666666667,2.8823529411764706,1.1488372093023256
0.8152777777777778,0.5981873111782477,21.0,488.0,0.8133333333333334,99.0,0.46919431279620855,112.0,0.18666666666666668,0.9587426326129665,0.825,0.5226532472103502,0.1719451062929643,0.29305555555555557,0.7069444444444444,2.8151658767772507,1.15049115913556
0.8083333333333333,0.591715976331361,20.0,482.0,0.8033333333333333,100.0,0.45871559633027525,118.0,0.19666666666666666,0.9601593625498008,0.8333333333333334,0.5164142947482332,0.16203114672652197,0.30277777777777776,0.6972222222222222,2.7522935779816518,1.152191235059761
0.8013888888888889,0.5855072463768116,19.0,476.0,0.7933333333333333,101.0,0.4488888888888889,124.0,0.20666666666666667,0.9616161616161616,0.8416666666666667,0.5105592101516797,0.1532219391891564,0.3125,0.6875,2.6933333333333334,1.153939393939394
0.7930555555555555,0.5779036827195467,18.0,469.0,0.7816666666666666,102.0,0.43776824034334766,131.0,0.21833333333333332,0.9630390143737166,0.85,0.5031665554892789,0.14700765701187013,0.3236111111111111,0.6763888888888889,2.6266094420600856,1.1556468172484597
0.7861111111111111,0.5722222222222222,17.0,463.0,0.7716666666666666,103.0,0.42916666666666664,137.0,0.22833333333333333,0.9645833333333333,0.8583333333333333,0.4980587314765197,0.139891360448933,0.3333333333333333,0.6666666666666667,2.575,1.1574999999999998
0.7791666666666667,0.5667574931880109,16.0,457.0,0.7616666666666667,104.0,0.42105263157894735,143.0,0.23833333333333334,0.9661733615221987,0.8666666666666667,0.4932615928678752,0.13535996878534012,0.34305555555555556,0.6569444444444444,2.526315789473684,1.1594080338266386
0.7708333333333334,0.56,15.0,450.0,0.75,105.0,0.4117647058823529,150.0,0.25,0.967741935483871,0.875,0.48702325494157866,0.1299797324861718,0.3541666666666667,0.6458333333333333,2.4705882352941173,1.1612903225806452
0.7611111111111111,0.5497382198952879,15.0,443.0,0.7383333333333333,105.0,0.40076335877862596,157.0,0.26166666666666666,0.9672489082969432,0.875,0.47509387543202,0.12714942927126502,0.3638888888888889,0.6361111111111111,2.404580152671756,1.1606986899563319
0.7513888888888889,0.5398457583547558,15.0,436.0,0.7266666666666667,105.0,0.3903345724907063,164.0,0.2733333333333333,0.9667405764966741,0.875,0.46350859176582754,0.12485240966060202,0.3736111111111111,0.6263888888888889,2.3420074349442377,1.160088691796009
0.7444444444444445,0.5353535353535354,14.0,430.0,0.7166666666666667,106.0,0.38405797101449274,170.0,0.2833333333333333,0.9684684684684685,0.8833333333333333,0.4599085383962519,0.1215435602530532,0.38333333333333336,0.6166666666666667,2.304347826086956,1.162162162162162
0.7361111111111112,0.5297029702970297,13.0,423.0,0.705,107.0,0.3767605633802817,177.0,0.295,0.9701834862385321,0.8916666666666667,0.4549834608047772,0.11668267020609843,0.39444444444444443,0.6055555555555556,2.2605633802816905,1.1642201834862382
0.7263888888888889,0.5206812652068127,13.0,416.0,0.6933333333333334,107.0,0.36769759450171824,184.0,0.30666666666666664,0.9696969696969697,0.8916666666666667,0.4442699855450877,0.11165082280222637,0.4041666666666667,0.5958333333333333,2.2061855670103094,1.1636363636363636
0.7166666666666667,0.5119617224880383,13.0,409.0,0.6816666666666666,107.0,0.35906040268456374,191.0,0.31833333333333336,0.9691943127962085,0.8916666666666667,0.4338195134027239,0.10323820110779908,0.41388888888888886,0.5861111111111111,2.1543624161073827,1.1630331753554501
0.7138888888888889,0.5095238095238095,13.0,407.0,0.6783333333333333,107.0,0.3566666666666667,193.0,0.32166666666666666,0.969047619047619,0.8916666666666667,0.43087949923051905,0.10244700190858767,0.4166666666666667,0.5833333333333333,2.14,1.162857142857143
0.7097222222222223,0.508235294117647,12.0,403.0,0.6716666666666666,108.0,0.3540983606557377,197.0,0.3283333333333333,0.9710843373493976,0.9,0.4311567105198167,0.09891803831513486,0.4236111111111111,0.5763888888888888,2.1245901639344265,1.1653012048192772
0.7013888888888888,0.5034642032332564,11.0,396.0,0.66,109.0,0.34824281150159747,204.0,0.34,0.972972972972973,0.9083333333333333,0.42726764154299607,0.09302614917602747,0.43472222222222223,0.5652777777777778,2.0894568690095845,1.1675675675675676
0.6916666666666667,0.4954545454545455,11.0,389.0,0.6483333333333333,109.0,0.340625,211.0,0.3516666666666667,0.9725,0.9083333333333333,0.4175,0.0904835509134505,0.4444444444444444,0.5555555555555556,2.04375,1.1669999999999998
0.6847222222222222,0.49217002237136465,10.0,383.0,0.6383333333333333,110.0,0.3363914373088685,217.0,0.3616666666666667,0.9745547073791349,0.9166666666666666,0.41542160548272145,0.08708764671498347,0.45416666666666666,0.5458333333333334,2.018348623853211,1.1694656488549617
0.6763888888888889,0.4879120879120879,9.0,376.0,0.6266666666666667,111.0,0.33134328358208953,224.0,0.37333333333333335,0.9766233766233766,0.925,0.41218313997544287,0.08516690253000768,0.4652777777777778,0.5347222222222222,1.9880597014925374,1.171948051948052
0.6666666666666666,0.4805194805194805,9.0,369.0,0.615,111.0,0.32456140350877194,231.0,0.385,0.9761904761904762,0.925,0.4029962965556805,0.08141316644857464,0.475,0.525,1.9473684210526319,1.1714285714285713
0.6597222222222222,0.47761194029850745,8.0,363.0,0.605,112.0,0.3209169054441261,237.0,0.395,0.9784366576819407,0.9333333333333333,0.40143741913636544,0.07637461653288848,0.4847222222222222,0.5152777777777777,1.9255014326647564,1.1741239892183288
0.65,0.47058823529411764,8.0,356.0,0.5933333333333334,112.0,0.3146067415730337,244.0,0.4066666666666667,0.978021978021978,0.9333333333333333,0.39257839003190115,0.07160476297049564,0.49444444444444446,0.5055555555555555,1.8876404494382022,1.1736263736263737
0.6388888888888888,0.4628099173553719,8.0,348.0,0.58,112.0,0.3076923076923077,252.0,0.42,0.9775280898876404,0.9333333333333333,0.382639696613372,0.0682221691798248,0.5055555555555555,0.49444444444444446,1.8461538461538463,1.1730337078651685
0.6291666666666667,0.45621181262729127,8.0,341.0,0.5683333333333334,112.0,0.3018867924528302,259.0,0.43166666666666664,0.9770773638968482,0.9333333333333333,0.37409493238404334,0.06580352816021852,0.5152777777777777,0.4847222222222223,1.8113207547169814,1.1724928366762177
0.6222222222222222,0.4538152610441767,7.0,335.0,0.5583333333333333,113.0,0.29894179894179895,265.0,0.44166666666666665,0.97953216374269,0.9416666666666667,0.37314471903303753,0.06358466698635447,0.525,0.475,1.7936507936507935,1.1754385964912282
0.6125,0.44752475247524753,7.0,328.0,0.5466666666666666,113.0,0.2935064935064935,272.0,0.4533333333333333,0.9791044776119403,0.9416666666666667,0.3648630211867213,0.06270923265747852,0.5347222222222222,0.4652777777777778,1.761038961038961,1.1749253731343283
0.6069444444444444,0.44834307992202727,5.0,322.0,0.5366666666666666,115.0,0.2926208651399491,278.0,0.4633333333333333,0.9847094801223242,0.9583333333333334,0.3705111616467516,0.0600220559966573,0.5458333333333333,0.4541666666666667,1.755725190839695,1.1816513761467888
0.5972222222222222,0.4423076923076923,5.0,315.0,0.525,115.0,0.2875,285.0,0.475,0.984375,0.9583333333333334,0.3625,0.058009634051615085,0.5555555555555556,0.4444444444444444,1.725,1.1812500000000001
0.5875,0.4364326375711575,5.0,308.0,0.5133333333333333,115.0,0.28255528255528256,292.0,0.4866666666666667,0.9840255591054313,0.9583333333333334,0.35459455295210524,0.052811566993987896,0.5652777777777778,0.43472222222222223,1.6953316953316955,1.1808306709265175
0.5805555555555556,0.4323308270676692,5.0,303.0,0.505,115.0,0.279126213592233,297.0,0.495,0.9837662337662337,0.9583333333333334,0.34900835798409796,0.05155805949492263,0.5722222222222222,0.4277777777777778,1.6747572815533982,1.1805194805194805
0.5763888888888888,0.42990654205607476,5.0,300.0,0.5,115.0,0.27710843373493976,300.0,0.5,0.9836065573770492,0.9583333333333334,0.3456795784051009,0.0503069333718952,0.5763888888888888,0.42361111111111116,1.6626506024096388,1.1803278688524588
0.5666666666666667,0.42435424354243545,5.0,293.0,0.48833333333333334,115.0,0.2725118483412322,307.0,0.5116666666666667,0.9832214765100671,0.9583333333333334,0.3379756674184012,0.0483977198004715,0.5861111111111111,0.41388888888888886,1.6350710900473933,1.1798657718120806
0.5569444444444445,0.41894353369763204,5.0,286.0,0.4766666666666667,115.0,0.2680652680652681,314.0,0.5233333333333333,0.9828178694158075,0.9583333333333334,0.33035460463609084,0.045821679509147624,0.5958333333333333,0.4041666666666667,1.6083916083916086,1.179381443298969
0.55,0.4172661870503597,4.0,280.0,0.4666666666666667,116.0,0.26605504587155965,320.0,0.5333333333333333,0.9859154929577465,0.9666666666666667,0.33043491566827393,0.04403651207490659,0.6055555555555555,0.3944444444444445,1.596330275229358,1.1830985915492958
0.5388888888888889,0.41134751773049644,4.0,272.0,0.4533333333333333,116.0,0.26126126126126126,328.0,0.5466666666666666,0.9855072463768116,0.9666666666666667,0.32193597687737635,0.04232490102262559,0.6166666666666667,0.3833333333333333,1.5675675675675675,1.182608695652174
0.5291666666666667,0.4063047285464098,4.0,265.0,0.44166666666666665,116.0,0.2572062084257206,335.0,0.5583333333333333,0.9851301115241635,0.9666666666666667,0.3145695428881655,0.04041855700282085,0.6263888888888889,0.3736111111111111,1.5432372505543237,1.1821561338289963
0.5194444444444445,0.4013840830449827,4.0,258.0,0.43,116.0,0.25327510917030566,342.0,0.57,0.9847328244274809,0.9666666666666667,0.3072617998717955,0.038856023175947205,0.6361111111111111,0.36388888888888893,1.5196506550218343,1.181679389312977
0.5097222222222222,0.39658119658119656,4.0,251.0,0.41833333333333333,116.0,0.24946236559139784,349.0,0.5816666666666667,0.984313725490196,0.9666666666666667,0.3000063250440125,0.0373076434602863,0.6458333333333334,0.35416666666666663,1.496774193548387,1.1811764705882355
0.4986111111111111,0.3912310286677909,4.0,243.0,0.405,116.0,0.2452431289640592,357.0,0.595,0.9838056680161943,0.9666666666666667,0.2917701199191941,0.035904425488753285,0.6569444444444444,0.34305555555555556,1.4714587737843552,1.1805668016194333
0.4888888888888889,0.38666666666666666,4.0,236.0,0.3933333333333333,116.0,0.24166666666666667,364.0,0.6066666666666667,0.9833333333333333,0.9666666666666667,0.2846049894151541,0.03453782289116039,0.6666666666666666,0.33333333333333337,1.4500000000000002,1.1799999999999997
0.4791666666666667,0.38220757825370677,4.0,229.0,0.38166666666666665,116.0,0.23819301848049282,371.0,0.6183333333333333,0.9828326180257511,0.9666666666666667,0.2774717944518715,0.03194934021901368,0.6763888888888889,0.32361111111111107,1.4291581108829567,1.1793991416309013
0.46805555555555556,0.3772357723577236,4.0,221.0,0.36833333333333335,116.0,0.23434343434343435,379.0,0.6316666666666667,0.9822222222222222,0.9666666666666667,0.2693501344894688,0.031078705155549585,0.6875,0.3125,1.406060606060606,1.1786666666666668
0.4583333333333333,0.3729903536977492,4.0,214.0,0.3566666666666667,116.0,0.23107569721115537,386.0,0.6433333333333333,0.981651376146789,0.9666666666666667,0.26226275701873625,0.0298478999196819,0.6972222222222222,0.3027777777777778,1.3864541832669324,1.1779816513761467
0.4486111111111111,0.3688394276629571,4.0,207.0,0.345,116.0,0.22789783889980353,393.0,0.655,0.981042654028436,0.9666666666666667,0.25518578910792555,0.029025695809716943,0.7069444444444445,0.2930555555555555,1.3673870333988212,1.1772511848341234
0.44166666666666665,0.36792452830188677,3.0,201.0,0.335,117.0,0.22674418604651161,399.0,0.665,0.9852941176470589,0.975,0.2563822812618041,0.028023156805559776,0.7166666666666667,0.2833333333333333,1.3604651162790697,1.1823529411764706
0.43333333333333335,0.36645962732919257,2.0,194.0,0.3233333333333333,118.0,0.22519083969465647,406.0,0.6766666666666666,0.9897959183673469,0.9833333333333333,0.25676696141121375,0.02683253405398604,0.7277777777777777,0.27222222222222225,1.3511450381679388,1.1877551020408161
0.4236111111111111,0.36251920122887865,2.0,187.0,0.31166666666666665,118.0,0.2222222222222222,413.0,0.6883333333333334,0.9894179894179894,0.9833333333333333,0.24986768985577637,0.025991864145761323,0.7375,0.26249999999999996,1.3333333333333333,1.1873015873015875
0.41388888888888886,0.3586626139817629,2.0,180.0,0.3,118.0,0.21933085501858737,420.0,0.7,0.989010989010989,0.9833333333333333,0.24296129144724535,0.024968624491132428,0.7472222222222222,0.25277777777777777,1.3159851301115242,1.1868131868131868
0.4041666666666667,0.3548872180451128,2.0,173.0,0.28833333333333333,118.0,0.21651376146788992,427.0,0.7116666666666667,0.9885714285714285,0.9833333333333333,0.23603984824745486,0.024010372767304125,0.7569444444444444,0.24305555555555558,1.2990825688073395,1.1862857142857142
0.39305555555555555,0.35066864784546803,2.0,165.0,0.275,118.0,0.21338155515370705,435.0,0.725,0.9880239520958084,0.9833333333333333,0.2281003201213408,0.02259546271135954,0.7680555555555556,0.2319444444444444,1.280289330922242,1.1856287425149703
0.38333333333333336,0.34705882352941175,2.0,158.0,0.2633333333333333,118.0,0.21071428571428572,442.0,0.7366666666666667,0.9875,0.9833333333333333,0.2211172927268628,0.02143116331750481,0.7777777777777778,0.2222222222222222,1.2642857142857142,1.185
0.3736111111111111,0.3435225618631732,2.0,151.0,0.25166666666666665,118.0,0.20811287477954143,449.0,0.7483333333333333,0.9869281045751634,0.9833333333333333,0.21409023833037236,0.020459433517884835,0.7875,0.21250000000000002,1.2486772486772486,1.1843137254901959
0.3625,0.339568345323741,2.0,143.0,0.23833333333333334,118.0,0.20521739130434782,457.0,0.7616666666666667,0.9862068965517241,0.9833333333333333,0.20599122264818945,0.01964184686432311,0.7986111111111112,0.20138888888888884,1.2313043478260868,1.1834482758620692
0.3527777777777778,0.33618233618233617,2.0,136.0,0.22666666666666666,118.0,0.2027491408934708,464.0,0.7733333333333333,0.9855072463768116,0.9833333333333333,0.19883118801324728,0.018317462781497557,0.8083333333333333,0.19166666666666665,1.2164948453608246,1.182608695652174
0.34305555555555556,0.3328631875881523,2.0,129.0,0.215,118.0,0.200339558573854,471.0,0.785,0.9847328244274809,0.9833333333333333,0.19158815889453631,0.017647311928541957,0.8180555555555555,0.18194444444444446,1.202037351443124,1.181679389312977
0.3333333333333333,0.329608938547486,2.0,122.0,0.20333333333333334,118.0,0.19798657718120805,478.0,0.7966666666666666,0.9838709677419355,0.9833333333333333,0.1842464157561465,0.01626530961347922,0.8277777777777777,0.17222222222222228,1.1879194630872483,1.1806451612903222
0.32222222222222224,0.3259668508287293,2.0,114.0,0.19,118.0,0.19536423841059603,486.0,0.81,0.9827586206896551,0.9833333333333333,0.1757117779510247,0.01552066316596353,0.8388888888888889,0.1611111111111111,1.1721854304635762,1.1793103448275863
0.31527777777777777,0.32558139534883723,1.0,108.0,0.18,119.0,0.19476268412438624,492.0,0.82,0.9908256880733946,0.9916666666666667,0.17849184078631072,0.013922648118812029,0.8486111111111111,0.1513888888888889,1.1685761047463177,1.1889908256880732
0.3055555555555556,0.3224932249322493,1.0,101.0,0.16833333333333333,119.0,0.1925566343042071,499.0,0.8316666666666667,0.9901960784313726,0.9916666666666667,0.1709983451314449,0.012833063652490147,0.8583333333333333,0.14166666666666672,1.1553398058252429,1.1882352941176466
0.29583333333333334,0.3194630872483222,1.0,94.0,0.15666666666666668,119.0,0.1904,506.0,0.8433333333333334,0.9894736842105263,0.9916666666666667,0.16334400251583997,0.011012674847474486,0.8680555555555556,0.13194444444444442,1.1424,1.1873684210526319
0.2847222222222222,0.3160690571049137,1.0,86.0,0.14333333333333334,119.0,0.18799368088467613,514.0,0.8566666666666667,0.9885057471264368,0.9916666666666667,0.15436133836391885,0.010038690411113308,0.8791666666666667,0.12083333333333335,1.127962085308057,1.186206896551724
0.275,0.3131578947368421,1.0,79.0,0.13166666666666665,119.0,0.1859375,521.0,0.8683333333333333,0.9875,0.9916666666666667,0.14625534178278754,0.009370241381256686,0.8888888888888888,0.11111111111111116,1.115625,1.1849999999999994
0.2652777777777778,0.31029986962190353,1.0,72.0,0.12,119.0,0.1839258114374034,528.0,0.88,0.9863013698630136,0.9916666666666667,0.13787204905955344,0.008831211105408819,0.8986111111111111,0.10138888888888886,1.1035548686244203,1.1835616438356167
0.25416666666666665,0.30709677419354836,1.0,64.0,0.10666666666666667,119.0,0.18167938931297709,536.0,0.8933333333333333,0.9846153846153847,0.9916666666666667,0.12787618791741057,0.007848732579007494,0.9097222222222222,0.09027777777777779,1.0900763358778627,1.1815384615384614
0.24444444444444444,0.30434782608695654,1.0,57.0,0.095,119.0,0.1797583081570997,543.0,0.905,0.9827586206896551,0.9916666666666667,0.11867940217262678,0.007357467459979755,0.9194444444444444,0.0805555555555556,1.0785498489425982,1.1793103448275855
0.23472222222222222,0.30164765525982257,1.0,50.0,0.08333333333333333,119.0,0.17787742899850523,550.0,0.9166666666666666,0.9803921568627451,0.9916666666666667,0.10895053437039112,0.006730330638032132,0.9291666666666667,0.0708333333333333,1.0672645739910314,1.1764705882352946
0.225,0.2989949748743719,1.0,43.0,0.07166666666666667,119.0,0.1760355029585799,557.0,0.9283333333333333,0.9772727272727273,0.9916666666666667,0.09853690297539691,0.005828666748725836,0.9388888888888889,0.061111111111111116,1.0562130177514792,1.1727272727272726
0.21388888888888888,0.2960199004975124,1.0,35.0,0.058333333333333334,119.0,0.1739766081871345,565.0,0.9416666666666667,0.9722222222222222,0.9916666666666667,0.08549819600709618,0.005225171485797348,0.95,0.050000000000000044,1.0438596491228072,1.1666666666666656
0.20694444444444443,0.2959309494451295,0.0,29.0,0.04833333333333333,120.0,0.1736613603473227,571.0,0.9516666666666667,1.0,1.0,0.09161676929900588,0.004329201795905026,0.9597222222222223,0.040277777777777746,1.0419681620839363,1.2000000000000008
0.19722222222222222,0.293398533007335,0.0,22.0,0.03666666666666667,120.0,0.17191977077363896,578.0,0.9633333333333334,1.0,1.0,0.0793960007076349,0.0033159798519455976,0.9694444444444444,0.030555555555555558,1.0315186246418337,1.2
0.1875,0.2909090909090909,0.0,15.0,0.025,120.0,0.1702127659574468,585.0,0.975,1.0,1.0,0.06523280730534423,0.002567339464843859,0.9791666666666666,0.02083333333333337,1.021276595744681,1.199999999999998
0.1763888888888889,0.28811524609843936,0.0,7.0,0.011666666666666667,120.0,0.16830294530154277,593.0,0.9883333333333333,1.0,1.0,0.04431178581203123,0.0012949612781122336,0.9902777777777778,0.009722222222222188,1.0098176718092566,1.2000000000000044
0.16805555555555557,0.2860548271752086,0.0,1.0,0.0016666666666666668,120.0,0.16689847009735745,599.0,0.9983333333333333,1.0,1.0,0.016678252811038963,0.0005924266241724024,0.9986111111111111,0.001388888888888884,1.0013908205841446,1.2000000000000044
0.16666666666666666,0.2857142857142857,0.0,0.0,0.0,120.0,0.16666666666666666,600.0,1.0,0.0,1.0,0.0,0.0005615330209679447,1.0,0.0,1.0,0.0
